query_id,query_text,gold_column,top_k,n_pool,n_positive,prevalence,precision_at_k,precision_delta,ndcg_at_k,ndcg_random_mean,ndcg_delta
inst_piano,piano,gold_pub_piano,10,297,95,0.31986531986531985,0.9,0.5801346801346802,0.9305687780632227,0.32332725378780575,0.607241524275417
inst_vocal,vocal,gold_pub_vocal,10,297,63,0.21212121212121213,0.5,0.28787878787878785,0.5193185983095427,0.22681598355014587,0.2925026147593969
mood_relaxing,relaxing,gold_pub_relaxing,10,297,71,0.23905723905723905,0.5,0.2609427609427609,0.5988751049740155,0.23184718381031977,0.36702792116369576
