query_id,query_text,gold_column,top_k,n_pool,n_positive,prevalence,precision_at_k,precision_delta,ndcg_at_k,ndcg_random_mean,ndcg_delta
inst_piano,piano,gold_pub_piano,10,297,95,0.31986531986531985,0.9,0.5801346801346802,0.933745776545611,0.3154012346433102,0.6183445419023008
inst_vocal,vocal,gold_pub_vocal,10,297,63,0.21212121212121213,0.5,0.28787878787878785,0.5771493379489847,0.20203201915896024,0.37511731879002447
mood_relaxing,relaxing,gold_pub_relaxing,10,297,71,0.23905723905723905,0.3,0.06094276094276094,0.2835149363066189,0.24131410495750466,0.04220083134911423
