query_id,query_text,gold_column,top_k,n_pool,n_positive,prevalence,precision_at_k,precision_delta,ndcg_at_k,ndcg_random_mean,ndcg_delta
inst_piano,piano,gold_pub_piano,10,297,95,0.31986531986531985,0.7,0.3801346801346801,0.7280855459907165,0.3154012346433102,0.4126843113474063
inst_vocal,vocal,gold_pub_vocal,10,297,63,0.21212121212121213,0.5,0.28787878787878785,0.4710361549625273,0.20203201915896024,0.2690041358035671
mood_relaxing,relaxing,gold_pub_relaxing,10,297,71,0.23905723905723905,0.1,-0.13905723905723905,0.07839826897867533,0.24131410495750466,-0.16291583597882933
