query_id,query_text,gold_column,top_k,n_pool,n_positive,prevalence,precision_at_k,precision_delta,ndcg_at_k,ndcg_random_mean,ndcg_delta
inst_piano,piano,gold_pub_piano,10,297,95,0.31986531986531985,0.8,0.4801346801346802,0.7162874455029682,0.32332725378780575,0.39296019171516244
inst_vocal,vocal,gold_pub_vocal,10,297,63,0.21212121212121213,0.2,-0.012121212121212116,0.17993148201117176,0.22681598355014587,-0.04688450153897411
mood_relaxing,relaxing,gold_pub_relaxing,10,297,71,0.23905723905723905,0.5,0.2609427609427609,0.38317041576387256,0.23184718381031977,0.1513232319535528
