query_id,query_text,gold_column,top_k,n_pool,n_positive,prevalence,precision_at_k,precision_delta,ndcg_at_k,ndcg_random_mean,ndcg_delta
inst_piano,piano,gold_pub_piano,10,297,95,0.31986531986531985,0.4,0.08013468013468017,0.4530643748551537,0.32332725378780575,0.12973712106734797
inst_vocal,vocal,gold_pub_vocal,10,297,63,0.21212121212121213,0.2,-0.012121212121212116,0.21222636597291458,0.22681598355014587,-0.01458961757723129
mood_relaxing,relaxing,gold_pub_relaxing,10,297,71,0.23905723905723905,0.5,0.2609427609427609,0.5933607200949346,0.23184718381031977,0.3615135362846148
