query_id,query_text,gold_column,top_k,n_pool,n_positive,prevalence,precision_at_k,precision_delta,ndcg_at_k,ndcg_random_mean,ndcg_delta
inst_piano,piano,gold_pub_piano,10,179,67,0.3743016759776536,1.0,0.6256983240223464,1.0,0.37678426688353334,0.6232157331164667
inst_vocal,vocal,gold_pub_vocal,10,179,67,0.3743016759776536,0.8,0.4256983240223464,0.7015099647232446,0.39460137531644657,0.306908589406798
mood_relaxing,relaxing,gold_pub_relaxing,10,179,63,0.35195530726256985,0.7,0.3480446927374301,0.7573821447149967,0.3597361898094488,0.3976459549055478
