query_id,query_text,gold_column,top_k,n_pool,n_positive,prevalence,precision_at_k,precision_delta,ndcg_at_k,ndcg_random_mean,ndcg_delta
inst_piano,piano,gold_pub_piano,10,179,67,0.3743016759776536,0.5,0.12569832402234637,0.43295704183322337,0.36477845034110973,0.06817859149211364
inst_vocal,vocal,gold_pub_vocal,10,179,67,0.3743016759776536,0.9,0.5256983240223464,0.9305687780632227,0.3737753851352244,0.5567933929279982
mood_relaxing,relaxing,gold_pub_relaxing,10,179,63,0.35195530726256985,0.2,-0.15195530726256984,0.2934556883974402,0.35515188528833214,-0.06169619689089195
