query_id,query_text,gold_column,top_k,n_pool,n_positive,prevalence,precision_at_k,precision_delta,ndcg_at_k,ndcg_random_mean,ndcg_delta
inst_piano,piano,gold_pub_piano,10,179,67,0.3743016759776536,0.5,0.12569832402234637,0.39749351961824175,0.37678426688353334,0.020709252734708417
inst_vocal,vocal,gold_pub_vocal,10,179,67,0.3743016759776536,1.0,0.6256983240223464,1.0,0.39460137531644657,0.6053986246835534
mood_relaxing,relaxing,gold_pub_relaxing,10,179,63,0.35195530726256985,0.3,-0.05195530726256986,0.38363315291837646,0.3597361898094488,0.023896963108927638
