query_id,query_text,gold_column,top_k,n_pool,n_positive,prevalence,precision_at_k,precision_delta,ndcg_at_k,ndcg_random_mean,ndcg_delta
inst_piano,piano,gold_pub_piano,10,179,67,0.3743016759776536,0.9,0.5256983240223464,0.9052116356304493,0.37078471912025196,0.5344269165101974
inst_vocal,vocal,gold_pub_vocal,10,179,67,0.3743016759776536,0.4,0.025698324022346397,0.4697557950008693,0.3832693416664961,0.08648645333437316
mood_relaxing,relaxing,gold_pub_relaxing,10,179,63,0.35195530726256985,0.3,-0.05195530726256986,0.2735872697693364,0.361912035163741,-0.08832476539440459
