query_id,query_text,gold_column,top_k,n_pool,n_positive,prevalence,precision_at_k,precision_delta,ndcg_at_k,ndcg_random_mean,ndcg_delta
inst_piano,piano,gold_pub_piano,10,179,67,0.3743016759776536,0.9,0.5256983240223464,0.7799082337019199,0.37078471912025196,0.4091235145816679
inst_vocal,vocal,gold_pub_vocal,10,179,67,0.3743016759776536,0.7,0.32569832402234633,0.7065632165480471,0.3832693416664961,0.323293874881551
mood_relaxing,relaxing,gold_pub_relaxing,10,179,63,0.35195530726256985,0.5,0.14804469273743015,0.43808927588501717,0.361912035163741,0.07617724072127618
