query_id,query_text,gold_column,top_k,n_pool,n_positive,prevalence,precision_at_k,precision_delta,ndcg_at_k,ndcg_random_mean,ndcg_delta
inst_piano,piano,gold_pub_piano,10,179,67,0.3743016759776536,0.9,0.5256983240223464,0.8611375561264454,0.37678426688353334,0.48435328924291204
inst_vocal,vocal,gold_pub_vocal,10,179,67,0.3743016759776536,0.7,0.32569832402234633,0.7573821447149967,0.39460137531644657,0.3627807693985501
mood_relaxing,relaxing,gold_pub_relaxing,10,179,63,0.35195530726256985,0.4,0.04804469273743017,0.34301849170611365,0.3597361898094488,-0.016717698103335177
