query_id,query_text,gold_column,top_k,n_pool,n_positive,prevalence,precision_at_k,precision_delta,ndcg_at_k,ndcg_random_mean,ndcg_delta
inst_piano,piano,gold_pub_piano,10,179,67,0.3743016759776536,0.9,0.5256983240223464,0.9216017310213247,0.36477845034110973,0.5568232806802149
inst_vocal,vocal,gold_pub_vocal,10,179,67,0.3743016759776536,0.8,0.4256983240223464,0.826813366651774,0.3737753851352244,0.45303798151654956
mood_relaxing,relaxing,gold_pub_relaxing,10,179,63,0.35195530726256985,0.4,0.04804469273743017,0.33788625765431984,0.35515188528833214,-0.017265627634012293
