query_id,query_text,gold_column,top_k,n_pool,n_positive,prevalence,precision_at_k,precision_delta,ndcg_at_k,ndcg_random_mean,ndcg_delta
inst_piano,piano,gold_pub_piano,10,179,67,0.3743016759776536,0.8,0.4256983240223464,0.841492960259019,0.37678426688353334,0.46470869337548565
inst_vocal,vocal,gold_pub_vocal,10,179,67,0.3743016759776536,0.3,-0.07430167597765364,0.24655055544758614,0.39460137531644657,-0.14805081986886043
mood_relaxing,relaxing,gold_pub_relaxing,10,179,63,0.35195530726256985,0.3,-0.05195530726256986,0.3785988060390612,0.3597361898094488,0.018862616229612383
