query_id,query_text,gold_column,top_k,n_pool,n_positive,prevalence,precision_at_k,precision_delta,ndcg_at_k,ndcg_random_mean,ndcg_delta
inst_piano,piano,gold_pub_piano,10,179,67,0.3743016759776536,1.0,0.6256983240223464,1.0,0.36477845034110973,0.6352215496588902
inst_vocal,vocal,gold_pub_vocal,10,179,67,0.3743016759776536,0.0,-0.3743016759776536,0.0,0.3737753851352244,-0.3737753851352244
mood_relaxing,relaxing,gold_pub_relaxing,10,179,63,0.35195530726256985,0.0,-0.35195530726256985,0.0,0.35515188528833214,-0.35515188528833214
