query_id,query_text,gold_column,top_k,n_pool,n_positive,prevalence,precision_at_k,precision_delta,ndcg_at_k,ndcg_random_mean,ndcg_delta
inst_piano,piano,gold_pub_piano,10,179,67,0.3743016759776536,0.9,0.5256983240223464,0.933745776545611,0.36477845034110973,0.5689673262045012
inst_vocal,vocal,gold_pub_vocal,10,179,67,0.3743016759776536,0.3,-0.07430167597765364,0.38363315291837646,0.3737753851352244,0.00985776778315206
mood_relaxing,relaxing,gold_pub_relaxing,10,179,63,0.35195530726256985,0.3,-0.05195530726256986,0.2835149363066189,0.35515188528833214,-0.07163694898171324
