query_id,query_text,gold_column,top_k,n_pool,n_positive,prevalence,precision_at_k,precision_delta,ndcg_at_k,ndcg_random_mean,ndcg_delta
inst_piano,piano,gold_pub_piano,10,179,67,0.3743016759776536,0.9,0.5256983240223464,0.9363792118010483,0.37678426688353334,0.559594944917515
inst_vocal,vocal,gold_pub_vocal,10,179,67,0.3743016759776536,0.1,-0.27430167597765365,0.13886244387355454,0.39460137531644657,-0.25573893144289206
mood_relaxing,relaxing,gold_pub_relaxing,10,179,63,0.35195530726256985,0.0,-0.35195530726256985,0.0,0.3597361898094488,-0.3597361898094488
