query_id,query_text,gold_column,top_k,n_pool,n_positive,prevalence,precision_at_k,precision_delta,ndcg_at_k,ndcg_random_mean,ndcg_delta
inst_piano,piano,gold_pub_piano,10,179,67,0.3743016759776536,0.3,-0.07430167597765364,0.41528076708874123,0.36477845034110973,0.050502316747631504
inst_vocal,vocal,gold_pub_vocal,10,179,67,0.3743016759776536,0.7,0.32569832402234633,0.7123736502858727,0.3737753851352244,0.33859826515064834
mood_relaxing,relaxing,gold_pub_relaxing,10,179,63,0.35195530726256985,0.3,-0.05195530726256986,0.2114502791144043,0.35515188528833214,-0.14370160617392783
