query_id,query_text,gold_column,top_k,n_pool,n_positive,prevalence,precision_at_k,precision_delta,ndcg_at_k,ndcg_random_mean,ndcg_delta
inst_piano,piano,gold_pub_piano,10,179,67,0.3743016759776536,0.6,0.22569832402234635,0.684383072597662,0.37678426688353334,0.3075988057141286
inst_vocal,vocal,gold_pub_vocal,10,179,67,0.3743016759776536,0.8,0.4256983240223464,0.6851198693323691,0.39460137531644657,0.29051849401592256
mood_relaxing,relaxing,gold_pub_relaxing,10,179,63,0.35195530726256985,0.4,0.04804469273743017,0.3012042966046398,0.3597361898094488,-0.058531893204809005
