query_id,query_text,gold_column,top_k,n_pool,n_positive,prevalence,precision_at_k,precision_delta,ndcg_at_k,ndcg_random_mean,ndcg_delta
inst_piano,piano,gold_pub_piano,10,179,67,0.3743016759776536,0.6,0.22569832402234635,0.477504403208069,0.37078471912025196,0.10671968408781701
inst_vocal,vocal,gold_pub_vocal,10,179,67,0.3743016759776536,1.0,0.6256983240223464,1.0,0.3832693416664961,0.6167306583335039
mood_relaxing,relaxing,gold_pub_relaxing,10,179,63,0.35195530726256985,0.5,0.14804469273743015,0.49276192198755814,0.361912035163741,0.13084988682381715
