query_id,query_text,gold_column,top_k,n_pool,n_positive,prevalence,precision_at_k,precision_delta,ndcg_at_k,ndcg_random_mean,ndcg_delta
inst_piano,piano,gold_pub_piano,10,297,95,0.31986531986531985,1.0,0.6801346801346801,1.0,0.3062825349417231,0.6937174650582769
inst_vocal,vocal,gold_pub_vocal,10,297,63,0.21212121212121213,0.5,0.28787878787878785,0.5810820381115676,0.21310089948938796,0.3679811386221796
mood_relaxing,relaxing,gold_pub_relaxing,10,297,71,0.23905723905723905,0.5,0.2609427609427609,0.5428183923453893,0.22937914409683915,0.3134392482485502
