query_id,query_text,gold_column,top_k,n_pool,n_positive,prevalence,precision_at_k,precision_delta,ndcg_at_k,ndcg_random_mean,ndcg_delta
inst_piano,piano,gold_pub_piano,10,297,95,0.31986531986531985,0.6,0.2801346801346801,0.6722390270733757,0.3154012346433102,0.35683779243006547
inst_vocal,vocal,gold_pub_vocal,10,297,63,0.21212121212121213,0.3,0.08787878787878786,0.22082856303278728,0.20203201915896024,0.018796543873827037
mood_relaxing,relaxing,gold_pub_relaxing,10,297,71,0.23905723905723905,0.3,0.06094276094276094,0.23992089480238082,0.24131410495750466,-0.0013932101551238363
