query_id,query_text,gold_column,top_k,n_pool,n_positive,prevalence,precision_at_k,precision_delta,ndcg_at_k,ndcg_random_mean,ndcg_delta
inst_piano,piano,gold_pub_piano,10,297,95,0.31986531986531985,0.6,0.2801346801346801,0.6870165078530993,0.32332725378780575,0.36368925406529357
inst_vocal,vocal,gold_pub_vocal,10,297,63,0.21212121212121213,0.4,0.1878787878787879,0.40067051810063,0.22681598355014587,0.1738545345504841
mood_relaxing,relaxing,gold_pub_relaxing,10,297,71,0.23905723905723905,0.1,-0.13905723905723905,0.06362078819895171,0.23184718381031977,-0.16822639561136804
