query_id,query_text,gold_column,top_k,n_pool,n_positive,prevalence,precision_at_k,precision_delta,ndcg_at_k,ndcg_random_mean,ndcg_delta
inst_piano,piano,gold_pub_piano,10,297,95,0.31986531986531985,0.8,0.4801346801346802,0.6698623505528798,0.3062825349417231,0.3635798156111567
inst_vocal,vocal,gold_pub_vocal,10,297,63,0.21212121212121213,0.4,0.1878787878787879,0.42650769853316917,0.21310089948938796,0.2134067990437812
mood_relaxing,relaxing,gold_pub_relaxing,10,297,71,0.23905723905723905,0.3,0.06094276094276094,0.29727159644205703,0.22937914409683915,0.06789245234521787
