query_id,query_text,gold_column,top_k,n_pool,n_positive,prevalence,precision_at_k,precision_delta,ndcg_at_k,ndcg_random_mean,ndcg_delta
inst_piano,piano,gold_pub_piano,10,297,95,0.31986531986531985,0.6,0.2801346801346801,0.6175852859163219,0.3062825349417231,0.3113027509745988
inst_vocal,vocal,gold_pub_vocal,10,297,63,0.21212121212121213,0.2,-0.012121212121212116,0.21726071285222986,0.21310089948938796,0.004159813362841908
mood_relaxing,relaxing,gold_pub_relaxing,10,297,71,0.23905723905723905,0.1,-0.13905723905723905,0.06943122193677727,0.22937914409683915,-0.15994792216006187
