query_id,query_text,gold_column,top_k,n_pool,n_positive,prevalence,precision_at_k,precision_delta,ndcg_at_k,ndcg_random_mean,ndcg_delta
inst_piano,piano,gold_pub_piano,10,297,95,0.31986531986531985,0.5,0.18013468013468015,0.5677211578528083,0.3154012346433102,0.2523199232094981
inst_vocal,vocal,gold_pub_vocal,10,297,63,0.21212121212121213,0.2,-0.012121212121212116,0.3589542101716347,0.20203201915896024,0.15692219101267446
mood_relaxing,relaxing,gold_pub_relaxing,10,297,71,0.23905723905723905,0.3,0.06094276094276094,0.2180164145324244,0.24131410495750466,-0.02329769042508026
