query_id,query_text,gold_column,top_k,n_pool,n_positive,prevalence,precision_at_k,precision_delta,ndcg_at_k,ndcg_random_mean,ndcg_delta
inst_piano,piano,gold_pub_piano,10,297,95,0.31986531986531985,0.7,0.3801346801346801,0.7093753650484099,0.3062825349417231,0.40309283010668684
inst_vocal,vocal,gold_pub_vocal,10,297,63,0.21212121212121213,0.2,-0.012121212121212116,0.1736666713479918,0.21310089948938796,-0.03943422814139616
mood_relaxing,relaxing,gold_pub_relaxing,10,297,71,0.23905723905723905,0.2,-0.03905723905723904,0.21222636597291458,0.22937914409683915,-0.017152778123924572
