query_id,query_text,gold_column,top_k,n_pool,n_positive,prevalence,precision_at_k,precision_delta,ndcg_at_k,ndcg_random_mean,ndcg_delta
inst_piano,piano,gold_pub_piano,10,297,95,0.31986531986531985,0.8,0.4801346801346802,0.8521705090845474,0.3062825349417231,0.5458879741428243
inst_vocal,vocal,gold_pub_vocal,10,297,63,0.21212121212121213,0.2,-0.012121212121212116,0.3589542101716347,0.21310089948938796,0.14585331068224675
mood_relaxing,relaxing,gold_pub_relaxing,10,297,71,0.23905723905723905,0.2,-0.03905723905723904,0.13568544539116628,0.22937914409683915,-0.09369369870567287
