query_id,query_text,gold_column,top_k,n_pool,n_positive,prevalence,precision_at_k,precision_delta,ndcg_at_k,ndcg_random_mean,ndcg_delta
inst_piano,piano,gold_pub_piano,10,297,95,0.31986531986531985,0.6,0.2801346801346801,0.6785038377365556,0.32332725378780575,0.3551765839487499
inst_vocal,vocal,gold_pub_vocal,10,297,63,0.21212121212121213,0.3,0.08787878787878786,0.2735872697693364,0.22681598355014587,0.04677128621919052
mood_relaxing,relaxing,gold_pub_relaxing,10,297,71,0.23905723905723905,0.4,0.16094276094276097,0.39356081945565896,0.23184718381031977,0.1617136356453392
