query_id,query_text,gold_column,top_k,n_pool,n_positive,prevalence,precision_at_k,precision_delta,ndcg_at_k,ndcg_random_mean,ndcg_delta
inst_piano,piano,gold_pub_piano,10,297,95,0.31986531986531985,0.6,0.2801346801346801,0.6429424283490954,0.3154012346433102,0.3275411937057852
inst_vocal,vocal,gold_pub_vocal,10,297,63,0.21212121212121213,0.1,-0.11212121212121212,0.11004588314904008,0.20203201915896024,-0.09198613600992016
mood_relaxing,relaxing,gold_pub_relaxing,10,297,71,0.23905723905723905,0.4,0.16094276094276097,0.43828689407543014,0.24131410495750466,0.19697278911792548
