query_id,query_text,gold_column,top_k,n_pool,n_positive,prevalence,precision_at_k,precision_delta,ndcg_at_k,ndcg_random_mean,ndcg_delta
inst_piano,piano,gold_pub_piano,10,297,95,0.31986531986531985,0.7,0.3801346801346801,0.6848374495230163,0.32332725378780575,0.36151019573521054
inst_vocal,vocal,gold_pub_vocal,10,297,63,0.21212121212121213,0.4,0.1878787878787879,0.5224955967919311,0.22681598355014587,0.29567961324178527
mood_relaxing,relaxing,gold_pub_relaxing,10,297,71,0.23905723905723905,0.4,0.16094276094276097,0.33087444618182743,0.23184718381031977,0.09902726237150766
