query_id,query_text,gold_column,top_k,n_pool,n_positive,prevalence,precision_at_k,precision_delta,ndcg_at_k,ndcg_random_mean,ndcg_delta
inst_piano,piano,gold_pub_piano,10,297,95,0.31986531986531985,0.6,0.2801346801346801,0.6601585067762746,0.3062825349417231,0.35387597183455155
inst_vocal,vocal,gold_pub_vocal,10,297,63,0.21212121212121213,0.1,-0.11212121212121212,0.06625422345438903,0.21310089948938796,-0.14684667603499893
mood_relaxing,relaxing,gold_pub_relaxing,10,297,71,0.23905723905723905,0.5,0.2609427609427609,0.5672274908036508,0.22937914409683915,0.33784834670681163
