n_tags_in_prompt,query_ids,query_text,relevance,top_k,n_pool,n_positive,prevalence,precision_at_k,precision_delta,ndcg_at_k,ndcg_random_mean,ndcg_delta
1,inst_piano,piano,and,10,200,29,0.145,0.2,0.05500000000000002,0.3589542101716347,0.13997947122700596,0.21897473894462874
1,inst_piano,piano,and,20,200,29,0.145,0.3,0.155,0.37424655404765667,0.14571508103878453,0.22853147300887214
2,inst_piano;inst_vocal,piano vocal,and,10,200,5,0.025,0.0,-0.025,0.0,0.04262127950443546,-0.04262127950443546
2,inst_piano;inst_vocal,piano vocal,and,20,200,5,0.025,0.05,0.025,0.09460634670666435,0.057919942758506614,0.03668640394815773
3,inst_piano;inst_vocal;mood_relaxing,piano vocal relaxing,and,10,200,4,0.02,0.0,-0.02,0.0,0.03189376269304086,-0.03189376269304086
3,inst_piano;inst_vocal;mood_relaxing,piano vocal relaxing,and,20,200,4,0.02,0.05,0.030000000000000002,0.09992090652113537,0.058235971525975205,0.04168493499516017
